Data,Cidade,Status,Tipo de Erro
20231228,Aracaju - SE,Sucesso,
20231228,Belo Horizonte - BH,Sucesso,
20231228,Belém - PA,Sucesso,
20231228,Boa Vista - RR,Sucesso,
20231228,Brasília - DF,Sucesso,
20231228,Campo Grande - MT,Sucesso,
20231228,Cuiabá - MS,Sucesso,
20231228,Curitiba - PR,Erro,"Expecting ',' delimiter: line 1 column 723565 (char 723564)"
20231228,Florianópolis - SC,Sucesso,
20231228,Fortaleza - CE,Sucesso,
20231228,Goiânia - GO,Sucesso,
20231228,João Pessoa - PB,Sucesso,
20231228,Macapá - AP,Sucesso,
20231228,Maceió - AL,Sucesso,
20231228,Manaus - AM,Sucesso,
20231228,Natal - RN,Sucesso,
20231228,Palmas - TO,Sucesso,
20231228,Porto Alegre - RS,Erro,"HTTPSConnectionPool(host='glue-api.vivareal.com', port=443): Max retries exceeded with url: /v2/listings?addressCity=Porto%20Alegre&addressLocationId=BR%3ERio%20Grande%20do%20Sul%3ENULL%3EPorto%20Alegre&addressNeighborhood=&addressState=Rio%20Grande%20do%20Sul&addressCountry=Brasil&addressStreet=&addressZone=&addressPointLat=-30.036818&addressPointLon=-51.208989&business=RENTAL&facets=amenities&unitTypes=&unitSubTypes=&unitTypesV3=&usageTypes=&listingType=USED&parentId=null&categoryPage=RESULT&includeFields=search(result(listings(listing(displayAddressType%2Camenities%2CusableAreas%2CconstructionStatus%2ClistingType%2Cdescription%2Ctitle%2CunitTypes%2CnonActivationReason%2CpropertyType%2CunitSubTypes%2Cid%2Cportal%2CparkingSpaces%2Caddress%2Csuites%2CpublicationType%2CexternalId%2Cbathrooms%2CusageTypes%2CtotalAreas%2CadvertiserId%2Cbedrooms%2CpricingInfos%2CshowPrice%2Cstatus%2CadvertiserContact%2CvideoTourLink%2CwhatsappNumber%2Cstamps)%2Caccount(id%2Cname%2ClogoUrl%2ClicenseNumber%2CshowAddress%2ClegacyVivarealId%2Cphones%2Ctier)%2Cmedias%2CaccountLink%2Clink))%2CtotalCount)%2Cpage%2CseasonalCampaigns%2CfullUriFragments%2Cnearby(search(result(listings(listing(displayAddressType%2Camenities%2CusableAreas%2CconstructionStatus%2ClistingType%2Cdescription%2Ctitle%2CunitTypes%2CnonActivationReason%2CpropertyType%2CunitSubTypes%2Cid%2Cportal%2CparkingSpaces%2Caddress%2Csuites%2CpublicationType%2CexternalId%2Cbathrooms%2CusageTypes%2CtotalAreas%2CadvertiserId%2Cbedrooms%2CpricingInfos%2CshowPrice%2Cstatus%2CadvertiserContact%2CvideoTourLink%2CwhatsappNumber%2Cstamps)%2Caccount(id%2Cname%2ClogoUrl%2ClicenseNumber%2CshowAddress%2ClegacyVivarealId%2Cphones%2Ctier)%2Cmedias%2CaccountLink%2Clink))%2CtotalCount))%2Cexpansion(search(result(listings(listing(displayAddressType%2Camenities%2CusableAreas%2CconstructionStatus%2ClistingType%2Cdescription%2Ctitle%2CunitTypes%2CnonActivationReason%2CpropertyType%2CunitSubTypes%2Cid%2Cportal%2CparkingSpaces%2Caddress%2Csuites%2CpublicationType%2CexternalId%2Cbathrooms%2CusageTypes%2CtotalAreas%2CadvertiserId%2Cbedrooms%2CpricingInfos%2CshowPrice%2Cstatus%2CadvertiserContact%2CvideoTourLink%2CwhatsappNumber%2Cstamps)%2Caccount(id%2Cname%2ClogoUrl%2ClicenseNumber%2CshowAddress%2ClegacyVivarealId%2Cphones%2Ctier)%2Cmedias%2CaccountLink%2Clink))%2CtotalCount))%2Caccount(id%2Cname%2ClogoUrl%2ClicenseNumber%2CshowAddress%2ClegacyVivarealId%2Cphones%2Ctier%2Cphones)%2Cowners(search(result(listings(listing(displayAddressType%2Camenities%2CusableAreas%2CconstructionStatus%2ClistingType%2Cdescription%2Ctitle%2CunitTypes%2CnonActivationReason%2CpropertyType%2CunitSubTypes%2Cid%2Cportal%2CparkingSpaces%2Caddress%2Csuites%2CpublicationType%2CexternalId%2Cbathrooms%2CusageTypes%2CtotalAreas%2CadvertiserId%2Cbedrooms%2CpricingInfos%2CshowPrice%2Cstatus%2CadvertiserContact%2CvideoTourLink%2CwhatsappNumber%2Cstamps)%2Caccount(id%2Cname%2ClogoUrl%2ClicenseNumber%2CshowAddress%2ClegacyVivarealId%2Cphones%2Ctier)%2Cmedias%2CaccountLink%2Clink))%2CtotalCount))&size=100&from=2200&q=&developmentsSize=5&__vt=B%2Ccontrol&levels=CITY&ref=&pointRadius=&isPOIQuery= (Caused by NameResolutionError(""<urllib3.connection.HTTPSConnection object at 0x0000020FBB54A600>: Failed to resolve 'glue-api.vivareal.com' ([Errno 11001] getaddrinfo failed)""))"
20231228,Porto Velho - RO,Erro,"HTTPSConnectionPool(host='glue-api.vivareal.com', port=443): Max retries exceeded with url: /v2/listings?addressCity=Porto%20Velho&addressLocationId=BR%3ERondonia%3ENULL%3EPorto%20Velho&addressNeighborhood=&addressState=Rond%C3%B4nia&addressCountry=Brasil&addressStreet=&addressZone=&addressPointLat=-8.763548&addressPointLon=-63.897172&business=RENTAL&facets=amenities&unitTypes=&unitSubTypes=&unitTypesV3=&usageTypes=&listingType=USED&parentId=null&categoryPage=RESULT&includeFields=search(result(listings(listing(displayAddressType%2Camenities%2CusableAreas%2CconstructionStatus%2ClistingType%2Cdescription%2Ctitle%2CunitTypes%2CnonActivationReason%2CpropertyType%2CunitSubTypes%2Cid%2Cportal%2CparkingSpaces%2Caddress%2Csuites%2CpublicationType%2CexternalId%2Cbathrooms%2CusageTypes%2CtotalAreas%2CadvertiserId%2Cbedrooms%2CpricingInfos%2CshowPrice%2Cstatus%2CadvertiserContact%2CvideoTourLink%2CwhatsappNumber%2Cstamps)%2Caccount(id%2Cname%2ClogoUrl%2ClicenseNumber%2CshowAddress%2ClegacyVivarealId%2Cphones%2Ctier)%2Cmedias%2CaccountLink%2Clink))%2CtotalCount)%2Cpage%2CseasonalCampaigns%2CfullUriFragments%2Cnearby(search(result(listings(listing(displayAddressType%2Camenities%2CusableAreas%2CconstructionStatus%2ClistingType%2Cdescription%2Ctitle%2CunitTypes%2CnonActivationReason%2CpropertyType%2CunitSubTypes%2Cid%2Cportal%2CparkingSpaces%2Caddress%2Csuites%2CpublicationType%2CexternalId%2Cbathrooms%2CusageTypes%2CtotalAreas%2CadvertiserId%2Cbedrooms%2CpricingInfos%2CshowPrice%2Cstatus%2CadvertiserContact%2CvideoTourLink%2CwhatsappNumber%2Cstamps)%2Caccount(id%2Cname%2ClogoUrl%2ClicenseNumber%2CshowAddress%2ClegacyVivarealId%2Cphones%2Ctier)%2Cmedias%2CaccountLink%2Clink))%2CtotalCount))%2Cexpansion(search(result(listings(listing(displayAddressType%2Camenities%2CusableAreas%2CconstructionStatus%2ClistingType%2Cdescription%2Ctitle%2CunitTypes%2CnonActivationReason%2CpropertyType%2CunitSubTypes%2Cid%2Cportal%2CparkingSpaces%2Caddress%2Csuites%2CpublicationType%2CexternalId%2Cbathrooms%2CusageTypes%2CtotalAreas%2CadvertiserId%2Cbedrooms%2CpricingInfos%2CshowPrice%2Cstatus%2CadvertiserContact%2CvideoTourLink%2CwhatsappNumber%2Cstamps)%2Caccount(id%2Cname%2ClogoUrl%2ClicenseNumber%2CshowAddress%2ClegacyVivarealId%2Cphones%2Ctier)%2Cmedias%2CaccountLink%2Clink))%2CtotalCount))%2Caccount(id%2Cname%2ClogoUrl%2ClicenseNumber%2CshowAddress%2ClegacyVivarealId%2Cphones%2Ctier%2Cphones)%2Cowners(search(result(listings(listing(displayAddressType%2Camenities%2CusableAreas%2CconstructionStatus%2ClistingType%2Cdescription%2Ctitle%2CunitTypes%2CnonActivationReason%2CpropertyType%2CunitSubTypes%2Cid%2Cportal%2CparkingSpaces%2Caddress%2Csuites%2CpublicationType%2CexternalId%2Cbathrooms%2CusageTypes%2CtotalAreas%2CadvertiserId%2Cbedrooms%2CpricingInfos%2CshowPrice%2Cstatus%2CadvertiserContact%2CvideoTourLink%2CwhatsappNumber%2Cstamps)%2Caccount(id%2Cname%2ClogoUrl%2ClicenseNumber%2CshowAddress%2ClegacyVivarealId%2Cphones%2Ctier)%2Cmedias%2CaccountLink%2Clink))%2CtotalCount))&size=100&from=0&q=&developmentsSize=5&__vt=B%2Ccontrol&levels=CITY&ref=&pointRadius=&isPOIQuery= (Caused by NameResolutionError(""<urllib3.connection.HTTPSConnection object at 0x0000020FB9069F40>: Failed to resolve 'glue-api.vivareal.com' ([Errno 11001] getaddrinfo failed)""))"
20231228,Recife - PE,Sucesso,
20231228,Rio Branco - AC,Sucesso,
20231228,Rio de Janeiro - RJ,Sucesso,
20231228,Salvador - BA,Sucesso,
20231228,São Luís - MA,Sucesso,
20231228,São Paulo - SP,Sucesso,
20231228,Teresina - PI,Erro,"HTTPSConnectionPool(host='glue-api.vivareal.com', port=443): Max retries exceeded with url: /v2/listings?addressCity=Teresina&addressLocationId=BR%3EPiaui%3ENULL%3ETeresina&addressNeighborhood=&addressState=Piau%C3%AD&addressCountry=Brasil&addressStreet=&addressZone=&addressPointLat=-5.081098&addressPointLon=-42.774291&business=RENTAL&facets=amenities&unitTypes=&unitSubTypes=&unitTypesV3=&usageTypes=&listingType=USED&parentId=null&categoryPage=RESULT&includeFields=search(result(listings(listing(displayAddressType%2Camenities%2CusableAreas%2CconstructionStatus%2ClistingType%2Cdescription%2Ctitle%2CunitTypes%2CnonActivationReason%2CpropertyType%2CunitSubTypes%2Cid%2Cportal%2CparkingSpaces%2Caddress%2Csuites%2CpublicationType%2CexternalId%2Cbathrooms%2CusageTypes%2CtotalAreas%2CadvertiserId%2Cbedrooms%2CpricingInfos%2CshowPrice%2Cstatus%2CadvertiserContact%2CvideoTourLink%2CwhatsappNumber%2Cstamps)%2Caccount(id%2Cname%2ClogoUrl%2ClicenseNumber%2CshowAddress%2ClegacyVivarealId%2Cphones%2Ctier)%2Cmedias%2CaccountLink%2Clink))%2CtotalCount)%2Cpage%2CseasonalCampaigns%2CfullUriFragments%2Cnearby(search(result(listings(listing(displayAddressType%2Camenities%2CusableAreas%2CconstructionStatus%2ClistingType%2Cdescription%2Ctitle%2CunitTypes%2CnonActivationReason%2CpropertyType%2CunitSubTypes%2Cid%2Cportal%2CparkingSpaces%2Caddress%2Csuites%2CpublicationType%2CexternalId%2Cbathrooms%2CusageTypes%2CtotalAreas%2CadvertiserId%2Cbedrooms%2CpricingInfos%2CshowPrice%2Cstatus%2CadvertiserContact%2CvideoTourLink%2CwhatsappNumber%2Cstamps)%2Caccount(id%2Cname%2ClogoUrl%2ClicenseNumber%2CshowAddress%2ClegacyVivarealId%2Cphones%2Ctier)%2Cmedias%2CaccountLink%2Clink))%2CtotalCount))%2Cexpansion(search(result(listings(listing(displayAddressType%2Camenities%2CusableAreas%2CconstructionStatus%2ClistingType%2Cdescription%2Ctitle%2CunitTypes%2CnonActivationReason%2CpropertyType%2CunitSubTypes%2Cid%2Cportal%2CparkingSpaces%2Caddress%2Csuites%2CpublicationType%2CexternalId%2Cbathrooms%2CusageTypes%2CtotalAreas%2CadvertiserId%2Cbedrooms%2CpricingInfos%2CshowPrice%2Cstatus%2CadvertiserContact%2CvideoTourLink%2CwhatsappNumber%2Cstamps)%2Caccount(id%2Cname%2ClogoUrl%2ClicenseNumber%2CshowAddress%2ClegacyVivarealId%2Cphones%2Ctier)%2Cmedias%2CaccountLink%2Clink))%2CtotalCount))%2Caccount(id%2Cname%2ClogoUrl%2ClicenseNumber%2CshowAddress%2ClegacyVivarealId%2Cphones%2Ctier%2Cphones)%2Cowners(search(result(listings(listing(displayAddressType%2Camenities%2CusableAreas%2CconstructionStatus%2ClistingType%2Cdescription%2Ctitle%2CunitTypes%2CnonActivationReason%2CpropertyType%2CunitSubTypes%2Cid%2Cportal%2CparkingSpaces%2Caddress%2Csuites%2CpublicationType%2CexternalId%2Cbathrooms%2CusageTypes%2CtotalAreas%2CadvertiserId%2Cbedrooms%2CpricingInfos%2CshowPrice%2Cstatus%2CadvertiserContact%2CvideoTourLink%2CwhatsappNumber%2Cstamps)%2Caccount(id%2Cname%2ClogoUrl%2ClicenseNumber%2CshowAddress%2ClegacyVivarealId%2Cphones%2Ctier)%2Cmedias%2CaccountLink%2Clink))%2CtotalCount))&size=100&from=1100&q=&developmentsSize=5&__vt=B%2Ccontrol&levels=CITY&ref=&pointRadius=&isPOIQuery= (Caused by NameResolutionError(""<urllib3.connection.HTTPSConnection object at 0x0000020FBAB1D0D0>: Failed to resolve 'glue-api.vivareal.com' ([Errno 11001] getaddrinfo failed)""))"
20231228,Vitória - ES,Erro,"HTTPSConnectionPool(host='glue-api.vivareal.com', port=443): Max retries exceeded with url: /v2/listings?addressCity=Vit%C3%B3ria&addressLocationId=BR%3EEspirito%20Santo%3ENULL%3EVitoria&addressNeighborhood=&addressState=Esp%C3%ADrito%20Santo&addressCountry=Brasil&addressStreet=&addressZone=&addressPointLat=-20.319664&addressPointLon=-40.338475&business=RENTAL&facets=amenities&unitTypes=&unitSubTypes=&unitTypesV3=&usageTypes=&listingType=USED&parentId=null&categoryPage=RESULT&includeFields=search(result(listings(listing(displayAddressType%2Camenities%2CusableAreas%2CconstructionStatus%2ClistingType%2Cdescription%2Ctitle%2CunitTypes%2CnonActivationReason%2CpropertyType%2CunitSubTypes%2Cid%2Cportal%2CparkingSpaces%2Caddress%2Csuites%2CpublicationType%2CexternalId%2Cbathrooms%2CusageTypes%2CtotalAreas%2CadvertiserId%2Cbedrooms%2CpricingInfos%2CshowPrice%2Cstatus%2CadvertiserContact%2CvideoTourLink%2CwhatsappNumber%2Cstamps)%2Caccount(id%2Cname%2ClogoUrl%2ClicenseNumber%2CshowAddress%2ClegacyVivarealId%2Cphones%2Ctier)%2Cmedias%2CaccountLink%2Clink))%2CtotalCount)%2Cpage%2CseasonalCampaigns%2CfullUriFragments%2Cnearby(search(result(listings(listing(displayAddressType%2Camenities%2CusableAreas%2CconstructionStatus%2ClistingType%2Cdescription%2Ctitle%2CunitTypes%2CnonActivationReason%2CpropertyType%2CunitSubTypes%2Cid%2Cportal%2CparkingSpaces%2Caddress%2Csuites%2CpublicationType%2CexternalId%2Cbathrooms%2CusageTypes%2CtotalAreas%2CadvertiserId%2Cbedrooms%2CpricingInfos%2CshowPrice%2Cstatus%2CadvertiserContact%2CvideoTourLink%2CwhatsappNumber%2Cstamps)%2Caccount(id%2Cname%2ClogoUrl%2ClicenseNumber%2CshowAddress%2ClegacyVivarealId%2Cphones%2Ctier)%2Cmedias%2CaccountLink%2Clink))%2CtotalCount))%2Cexpansion(search(result(listings(listing(displayAddressType%2Camenities%2CusableAreas%2CconstructionStatus%2ClistingType%2Cdescription%2Ctitle%2CunitTypes%2CnonActivationReason%2CpropertyType%2CunitSubTypes%2Cid%2Cportal%2CparkingSpaces%2Caddress%2Csuites%2CpublicationType%2CexternalId%2Cbathrooms%2CusageTypes%2CtotalAreas%2CadvertiserId%2Cbedrooms%2CpricingInfos%2CshowPrice%2Cstatus%2CadvertiserContact%2CvideoTourLink%2CwhatsappNumber%2Cstamps)%2Caccount(id%2Cname%2ClogoUrl%2ClicenseNumber%2CshowAddress%2ClegacyVivarealId%2Cphones%2Ctier)%2Cmedias%2CaccountLink%2Clink))%2CtotalCount))%2Caccount(id%2Cname%2ClogoUrl%2ClicenseNumber%2CshowAddress%2ClegacyVivarealId%2Cphones%2Ctier%2Cphones)%2Cowners(search(result(listings(listing(displayAddressType%2Camenities%2CusableAreas%2CconstructionStatus%2ClistingType%2Cdescription%2Ctitle%2CunitTypes%2CnonActivationReason%2CpropertyType%2CunitSubTypes%2Cid%2Cportal%2CparkingSpaces%2Caddress%2Csuites%2CpublicationType%2CexternalId%2Cbathrooms%2CusageTypes%2CtotalAreas%2CadvertiserId%2Cbedrooms%2CpricingInfos%2CshowPrice%2Cstatus%2CadvertiserContact%2CvideoTourLink%2CwhatsappNumber%2Cstamps)%2Caccount(id%2Cname%2ClogoUrl%2ClicenseNumber%2CshowAddress%2ClegacyVivarealId%2Cphones%2Ctier)%2Cmedias%2CaccountLink%2Clink))%2CtotalCount))&size=100&from=0&q=&developmentsSize=5&__vt=B%2Ccontrol&levels=CITY&ref=&pointRadius=&isPOIQuery= (Caused by NameResolutionError(""<urllib3.connection.HTTPSConnection object at 0x0000020FBAB1C680>: Failed to resolve 'glue-api.vivareal.com' ([Errno 11001] getaddrinfo failed)""))"
